{
  "minecraft:recipes/decorations/crafting_table": {
    "criteria": {
      "unlock_right_away": "2024-07-14 10:29:24 +0000"
    },
    "done": true
  },
  "minecraft:adventure/adventuring_time": {
    "criteria": {
      "minecraft:beach": "2024-07-14 10:30:42 +0000",
      "minecraft:forest": "2024-07-14 10:29:53 +0000",
      "minecraft:ocean": "2024-07-14 10:30:43 +0000",
      "minecraft:lukewarm_ocean": "2024-07-14 10:30:47 +0000",
      "minecraft:birch_forest": "2024-07-14 10:29:25 +0000",
      "minecraft:plains": "2024-07-14 10:30:21 +0000"
    },
    "done": false
  },
  "DataVersion": 3700
}